,user_id,full_name,phone,email,has_card,card_number,has_card_flag
count,10000.0,10000,10000.0,10000,10000,10000,0.0
unique,,1200,,10000,2,5001,
top,,Ayaan Shetty,,saikumar1@example.com,YES,NO_CARD,
freq,,21,,1,5000,5000,
mean,5000.5,,8007017101.1415,,,,
std,2886.8956799071675,,1152866223.9010627,,,,
min,1.0,,6000295616.0,,,,
25%,2500.75,,7004393959.5,,,,
50%,5000.5,,8006714583.5,,,,
75%,7500.25,,9009670081.0,,,,
max,10000.0,,9999717908.0,,,,
